accessibility_features,content_body,content_id,content_title,content_type,created_at,duration_seconds,is_active,is_downloadable,language,lesson_id,media_url,sequence_order
none,This text content covers key concepts about computer basics.,1,Computer Basics - Part 1,text,2023-04-07T19:38:00.000Z,106,true,true,English,1,https://cdn.magicbus.edu/content/000001.tex,1
subtitles,This video content covers key concepts about computer basics.,2,Computer Basics - Part 2,video,2023-04-07T19:38:00.000Z,138,true,false,English,1,https://cdn.magicbus.edu/content/000002.vid,2
none,This image content covers key concepts about computer basics.,3,Computer Basics - Part 3,image,2023-04-07T19:38:00.000Z,46,true,true,English,1,https://cdn.magicbus.edu/content/000003.ima,3
none,This interactive content covers key concepts about computer basics.,4,Computer Basics - Part 4,interactive,2023-04-07T19:38:00.000Z,259,true,false,English,1,https://cdn.magicbus.edu/content/000004.int,4
none,This text content covers key concepts about file management.,5,File Management - Part 1,text,2023-04-07T19:38:00.000Z,109,true,true,English,2,https://cdn.magicbus.edu/content/000005.tex,1
subtitles,This video content covers key concepts about file management.,6,File Management - Part 2,video,2023-04-07T19:38:00.000Z,93,true,false,English,2,https://cdn.magicbus.edu/content/000006.vid,2
none,This image content covers key concepts about file management.,7,File Management - Part 3,image,2023-04-07T19:38:00.000Z,89,true,true,English,2,https://cdn.magicbus.edu/content/000007.ima,3
none,This interactive content covers key concepts about file management.,8,File Management - Part 4,interactive,2023-04-07T19:38:00.000Z,290,true,false,English,2,https://cdn.magicbus.edu/content/000008.int,4
none,This text content covers key concepts about web browsers.,9,Web Browsers - Part 1,text,2023-04-07T19:38:00.000Z,31,true,true,English,3,https://cdn.magicbus.edu/content/000009.tex,1
subtitles,This video content covers key concepts about web browsers.,10,Web Browsers - Part 2,video,2023-04-07T19:38:00.000Z,159,true,false,English,3,https://cdn.magicbus.edu/content/000010.vid,2
none,This image content covers key concepts about web browsers.,11,Web Browsers - Part 3,image,2023-04-07T19:38:00.000Z,64,true,true,English,3,https://cdn.magicbus.edu/content/000011.ima,3
none,This interactive content covers key concepts about web browsers.,12,Web Browsers - Part 4,interactive,2023-04-07T19:38:00.000Z,264,true,false,English,3,https://cdn.magicbus.edu/content/000012.int,4
none,This text content covers key concepts about search engines.,13,Search Engines - Part 1,text,2023-04-07T19:38:00.000Z,71,true,true,English,4,https://cdn.magicbus.edu/content/000013.tex,1
subtitles,This video content covers key concepts about search engines.,14,Search Engines - Part 2,video,2023-04-07T19:38:00.000Z,172,true,false,English,4,https://cdn.magicbus.edu/content/000014.vid,2
none,This image content covers key concepts about search engines.,15,Search Engines - Part 3,image,2023-04-07T19:38:00.000Z,46,true,true,English,4,https://cdn.magicbus.edu/content/000015.ima,3
none,This interactive content covers key concepts about search engines.,16,Search Engines - Part 4,interactive,2023-04-07T19:38:00.000Z,270,true,false,English,4,https://cdn.magicbus.edu/content/000016.int,4
none,This text content covers key concepts about typing skills.,17,Typing Skills - Part 1,text,2023-04-07T19:38:00.000Z,54,true,true,English,5,https://cdn.magicbus.edu/content/000017.tex,1
subtitles,This video content covers key concepts about typing skills.,18,Typing Skills - Part 2,video,2023-04-07T19:38:00.000Z,94,true,false,English,5,https://cdn.magicbus.edu/content/000018.vid,2
none,This image content covers key concepts about typing skills.,19,Typing Skills - Part 3,image,2023-04-07T19:38:00.000Z,80,true,true,English,5,https://cdn.magicbus.edu/content/000019.ima,3
none,This interactive content covers key concepts about typing skills.,20,Typing Skills - Part 4,interactive,2023-04-07T19:38:00.000Z,95,true,false,English,5,https://cdn.magicbus.edu/content/000020.int,4
none,This text content covers key concepts about document creation.,21,Document Creation - Part 1,text,2023-04-07T19:38:00.000Z,44,true,true,English,6,https://cdn.magicbus.edu/content/000021.tex,1
subtitles,This video content covers key concepts about document creation.,22,Document Creation - Part 2,video,2023-04-07T19:38:00.000Z,71,true,false,English,6,https://cdn.magicbus.edu/content/000022.vid,2
none,This image content covers key concepts about document creation.,23,Document Creation - Part 3,image,2023-04-07T19:38:00.000Z,79,true,true,English,6,https://cdn.magicbus.edu/content/000023.ima,3
none,This interactive content covers key concepts about document creation.,24,Document Creation - Part 4,interactive,2023-04-07T19:38:00.000Z,165,true,false,English,6,https://cdn.magicbus.edu/content/000024.int,4
none,This text content covers key concepts about spreadsheets intro.,25,Spreadsheets Intro - Part 1,text,2023-04-07T19:38:00.000Z,71,true,true,English,7,https://cdn.magicbus.edu/content/000025.tex,1
subtitles,This video content covers key concepts about spreadsheets intro.,26,Spreadsheets Intro - Part 2,video,2023-04-07T19:38:00.000Z,179,true,false,English,7,https://cdn.magicbus.edu/content/000026.vid,2
none,This image content covers key concepts about spreadsheets intro.,27,Spreadsheets Intro - Part 3,image,2023-04-07T19:38:00.000Z,46,true,true,English,7,https://cdn.magicbus.edu/content/000027.ima,3
none,This interactive content covers key concepts about spreadsheets intro.,28,Spreadsheets Intro - Part 4,interactive,2023-04-07T19:38:00.000Z,272,true,false,English,7,https://cdn.magicbus.edu/content/000028.int,4
none,This text content covers key concepts about presentations.,29,Presentations - Part 1,text,2023-04-07T19:38:00.000Z,95,true,true,English,8,https://cdn.magicbus.edu/content/000029.tex,1
subtitles,This video content covers key concepts about presentations.,30,Presentations - Part 2,video,2023-04-07T19:38:00.000Z,192,true,false,English,8,https://cdn.magicbus.edu/content/000030.vid,2
none,This image content covers key concepts about presentations.,31,Presentations - Part 3,image,2023-04-07T19:38:00.000Z,36,true,true,English,8,https://cdn.magicbus.edu/content/000031.ima,3
none,This interactive content covers key concepts about presentations.,32,Presentations - Part 4,interactive,2023-04-07T19:38:00.000Z,183,true,false,English,8,https://cdn.magicbus.edu/content/000032.int,4
none,This text content covers key concepts about email setup.,33,Email Setup - Part 1,text,2023-04-07T19:38:00.000Z,62,true,true,English,9,https://cdn.magicbus.edu/content/000033.tex,1
subtitles,This video content covers key concepts about email setup.,34,Email Setup - Part 2,video,2023-04-07T19:38:00.000Z,269,true,false,English,9,https://cdn.magicbus.edu/content/000034.vid,2
none,This image content covers key concepts about email setup.,35,Email Setup - Part 3,image,2023-04-07T19:38:00.000Z,108,true,true,English,9,https://cdn.magicbus.edu/content/000035.ima,3
none,This interactive content covers key concepts about email setup.,36,Email Setup - Part 4,interactive,2023-04-07T19:38:00.000Z,180,true,false,English,9,https://cdn.magicbus.edu/content/000036.int,4
none,This text content covers key concepts about cloud storage.,37,Cloud Storage - Part 1,text,2023-04-07T19:38:00.000Z,102,true,true,English,10,https://cdn.magicbus.edu/content/000037.tex,1
subtitles,This video content covers key concepts about cloud storage.,38,Cloud Storage - Part 2,video,2023-04-07T19:38:00.000Z,209,true,false,English,10,https://cdn.magicbus.edu/content/000038.vid,2
none,This image content covers key concepts about cloud storage.,39,Cloud Storage - Part 3,image,2023-04-07T19:38:00.000Z,45,true,true,English,10,https://cdn.magicbus.edu/content/000039.ima,3
none,This interactive content covers key concepts about cloud storage.,40,Cloud Storage - Part 4,interactive,2023-04-07T19:38:00.000Z,79,true,false,English,10,https://cdn.magicbus.edu/content/000040.int,4
none,This text content covers key concepts about password basics.,41,Password Basics - Part 1,text,2023-06-04T18:24:00.000Z,38,true,true,English,11,https://cdn.magicbus.edu/content/000041.tex,1
subtitles,This video content covers key concepts about password basics.,42,Password Basics - Part 2,video,2023-06-04T18:24:00.000Z,231,true,false,English,11,https://cdn.magicbus.edu/content/000042.vid,2
none,This image content covers key concepts about password basics.,43,Password Basics - Part 3,image,2023-06-04T18:24:00.000Z,76,true,true,English,11,https://cdn.magicbus.edu/content/000043.ima,3
none,This interactive content covers key concepts about password basics.,44,Password Basics - Part 4,interactive,2023-06-04T18:24:00.000Z,188,true,false,English,11,https://cdn.magicbus.edu/content/000044.int,4
none,This text content covers key concepts about strong passwords.,45,Strong Passwords - Part 1,text,2023-06-04T18:24:00.000Z,111,true,true,English,12,https://cdn.magicbus.edu/content/000045.tex,1
subtitles,This video content covers key concepts about strong passwords.,46,Strong Passwords - Part 2,video,2023-06-04T18:24:00.000Z,64,true,false,English,12,https://cdn.magicbus.edu/content/000046.vid,2
none,This image content covers key concepts about strong passwords.,47,Strong Passwords - Part 3,image,2023-06-04T18:24:00.000Z,59,true,true,English,12,https://cdn.magicbus.edu/content/000047.ima,3
none,This interactive content covers key concepts about strong passwords.,48,Strong Passwords - Part 4,interactive,2023-06-04T18:24:00.000Z,214,true,false,English,12,https://cdn.magicbus.edu/content/000048.int,4
none,This text content covers key concepts about phishing awareness.,49,Phishing Awareness - Part 1,text,2023-06-04T18:24:00.000Z,87,true,true,English,13,https://cdn.magicbus.edu/content/000049.tex,1
subtitles,This video content covers key concepts about phishing awareness.,50,Phishing Awareness - Part 2,video,2023-06-04T18:24:00.000Z,143,true,false,English,13,https://cdn.magicbus.edu/content/000050.vid,2
none,This image content covers key concepts about phishing awareness.,51,Phishing Awareness - Part 3,image,2023-06-04T18:24:00.000Z,118,true,true,English,13,https://cdn.magicbus.edu/content/000051.ima,3
none,This interactive content covers key concepts about phishing awareness.,52,Phishing Awareness - Part 4,interactive,2023-06-04T18:24:00.000Z,206,true,false,English,13,https://cdn.magicbus.edu/content/000052.int,4
none,This text content covers key concepts about safe browsing.,53,Safe Browsing - Part 1,text,2023-06-04T18:24:00.000Z,46,true,true,English,14,https://cdn.magicbus.edu/content/000053.tex,1
subtitles,This video content covers key concepts about safe browsing.,54,Safe Browsing - Part 2,video,2023-06-04T18:24:00.000Z,283,true,false,English,14,https://cdn.magicbus.edu/content/000054.vid,2
none,This image content covers key concepts about safe browsing.,55,Safe Browsing - Part 3,image,2023-06-04T18:24:00.000Z,31,true,true,English,14,https://cdn.magicbus.edu/content/000055.ima,3
none,This interactive content covers key concepts about safe browsing.,56,Safe Browsing - Part 4,interactive,2023-06-04T18:24:00.000Z,133,true,false,English,14,https://cdn.magicbus.edu/content/000056.int,4
none,This text content covers key concepts about secure websites.,57,Secure Websites - Part 1,text,2023-06-04T18:24:00.000Z,58,true,true,English,15,https://cdn.magicbus.edu/content/000057.tex,1
subtitles,This video content covers key concepts about secure websites.,58,Secure Websites - Part 2,video,2023-06-04T18:24:00.000Z,221,true,false,English,15,https://cdn.magicbus.edu/content/000058.vid,2
none,This image content covers key concepts about secure websites.,59,Secure Websites - Part 3,image,2023-06-04T18:24:00.000Z,34,true,true,English,15,https://cdn.magicbus.edu/content/000059.ima,3
none,This interactive content covers key concepts about secure websites.,60,Secure Websites - Part 4,interactive,2023-06-04T18:24:00.000Z,164,true,false,English,15,https://cdn.magicbus.edu/content/000060.int,4
none,This text content covers key concepts about personal info protection.,61,Personal Info Protection - Part 1,text,2023-06-04T18:24:00.000Z,110,true,true,English,16,https://cdn.magicbus.edu/content/000061.tex,1
subtitles,This video content covers key concepts about personal info protection.,62,Personal Info Protection - Part 2,video,2023-06-04T18:24:00.000Z,123,true,false,English,16,https://cdn.magicbus.edu/content/000062.vid,2
none,This image content covers key concepts about personal info protection.,63,Personal Info Protection - Part 3,image,2023-06-04T18:24:00.000Z,84,true,true,English,16,https://cdn.magicbus.edu/content/000063.ima,3
none,This interactive content covers key concepts about personal info protection.,64,Personal Info Protection - Part 4,interactive,2023-06-04T18:24:00.000Z,236,true,false,English,16,https://cdn.magicbus.edu/content/000064.int,4
none,This text content covers key concepts about privacy settings.,65,Privacy Settings - Part 1,text,2023-06-04T18:24:00.000Z,73,true,true,English,17,https://cdn.magicbus.edu/content/000065.tex,1
subtitles,This video content covers key concepts about privacy settings.,66,Privacy Settings - Part 2,video,2023-06-04T18:24:00.000Z,242,true,false,English,17,https://cdn.magicbus.edu/content/000066.vid,2
none,This image content covers key concepts about privacy settings.,67,Privacy Settings - Part 3,image,2023-06-04T18:24:00.000Z,35,true,true,English,17,https://cdn.magicbus.edu/content/000067.ima,3
none,This interactive content covers key concepts about privacy settings.,68,Privacy Settings - Part 4,interactive,2023-06-04T18:24:00.000Z,172,true,false,English,17,https://cdn.magicbus.edu/content/000068.int,4
none,This text content covers key concepts about two-factor auth.,69,Two-Factor Auth - Part 1,text,2023-06-04T18:24:00.000Z,83,true,true,English,18,https://cdn.magicbus.edu/content/000069.tex,1
subtitles,This video content covers key concepts about two-factor auth.,70,Two-Factor Auth - Part 2,video,2023-06-04T18:24:00.000Z,114,true,false,English,18,https://cdn.magicbus.edu/content/000070.vid,2
none,This image content covers key concepts about two-factor auth.,71,Two-Factor Auth - Part 3,image,2023-06-04T18:24:00.000Z,59,true,true,English,18,https://cdn.magicbus.edu/content/000071.ima,3
none,This interactive content covers key concepts about two-factor auth.,72,Two-Factor Auth - Part 4,interactive,2023-06-04T18:24:00.000Z,257,true,false,English,18,https://cdn.magicbus.edu/content/000072.int,4
none,This text content covers key concepts about software updates.,73,Software Updates - Part 1,text,2023-06-04T18:24:00.000Z,97,true,true,English,19,https://cdn.magicbus.edu/content/000073.tex,1
subtitles,This video content covers key concepts about software updates.,74,Software Updates - Part 2,video,2023-06-04T18:24:00.000Z,119,true,false,English,19,https://cdn.magicbus.edu/content/000074.vid,2
none,This image content covers key concepts about software updates.,75,Software Updates - Part 3,image,2023-06-04T18:24:00.000Z,50,true,true,English,19,https://cdn.magicbus.edu/content/000075.ima,3
none,This interactive content covers key concepts about software updates.,76,Software Updates - Part 4,interactive,2023-06-04T18:24:00.000Z,233,true,false,English,19,https://cdn.magicbus.edu/content/000076.int,4
none,This text content covers key concepts about backup basics.,77,Backup Basics - Part 1,text,2023-06-04T18:24:00.000Z,50,true,true,English,20,https://cdn.magicbus.edu/content/000077.tex,1
subtitles,This video content covers key concepts about backup basics.,78,Backup Basics - Part 2,video,2023-06-04T18:24:00.000Z,100,true,false,English,20,https://cdn.magicbus.edu/content/000078.vid,2
none,This image content covers key concepts about backup basics.,79,Backup Basics - Part 3,image,2023-06-04T18:24:00.000Z,36,true,true,English,20,https://cdn.magicbus.edu/content/000079.ima,3
none,This interactive content covers key concepts about backup basics.,80,Backup Basics - Part 4,interactive,2023-06-04T18:24:00.000Z,123,true,false,English,20,https://cdn.magicbus.edu/content/000080.int,4
none,This text content covers key concepts about social media overview.,81,Social Media Overview - Part 1,text,2023-04-08T11:37:00.000Z,34,true,true,English,21,https://cdn.magicbus.edu/content/000081.tex,1
subtitles,This video content covers key concepts about social media overview.,82,Social Media Overview - Part 2,video,2023-04-08T11:37:00.000Z,183,true,false,English,21,https://cdn.magicbus.edu/content/000082.vid,2
none,This image content covers key concepts about social media overview.,83,Social Media Overview - Part 3,image,2023-04-08T11:37:00.000Z,99,true,true,English,21,https://cdn.magicbus.edu/content/000083.ima,3
none,This interactive content covers key concepts about social media overview.,84,Social Media Overview - Part 4,interactive,2023-04-08T11:37:00.000Z,284,true,false,English,21,https://cdn.magicbus.edu/content/000084.int,4
none,This text content covers key concepts about profile privacy.,85,Profile Privacy - Part 1,text,2023-04-08T11:37:00.000Z,37,true,true,English,22,https://cdn.magicbus.edu/content/000085.tex,1
subtitles,This video content covers key concepts about profile privacy.,86,Profile Privacy - Part 2,video,2023-04-08T11:37:00.000Z,239,true,false,English,22,https://cdn.magicbus.edu/content/000086.vid,2
none,This image content covers key concepts about profile privacy.,87,Profile Privacy - Part 3,image,2023-04-08T11:37:00.000Z,88,true,true,English,22,https://cdn.magicbus.edu/content/000087.ima,3
none,This interactive content covers key concepts about profile privacy.,88,Profile Privacy - Part 4,interactive,2023-04-08T11:37:00.000Z,91,true,false,English,22,https://cdn.magicbus.edu/content/000088.int,4
none,This text content covers key concepts about digital footprint.,89,Digital Footprint - Part 1,text,2023-04-08T11:37:00.000Z,100,true,true,English,23,https://cdn.magicbus.edu/content/000089.tex,1
subtitles,This video content covers key concepts about digital footprint.,90,Digital Footprint - Part 2,video,2023-04-08T11:37:00.000Z,112,true,false,English,23,https://cdn.magicbus.edu/content/000090.vid,2
none,This image content covers key concepts about digital footprint.,91,Digital Footprint - Part 3,image,2023-04-08T11:37:00.000Z,68,true,true,English,23,https://cdn.magicbus.edu/content/000091.ima,3
none,This interactive content covers key concepts about digital footprint.,92,Digital Footprint - Part 4,interactive,2023-04-08T11:37:00.000Z,107,true,false,English,23,https://cdn.magicbus.edu/content/000092.int,4
none,This text content covers key concepts about responsible posting.,93,Responsible Posting - Part 1,text,2023-04-08T11:37:00.000Z,52,true,true,English,24,https://cdn.magicbus.edu/content/000093.tex,1
subtitles,This video content covers key concepts about responsible posting.,94,Responsible Posting - Part 2,video,2023-04-08T11:37:00.000Z,281,true,false,English,24,https://cdn.magicbus.edu/content/000094.vid,2
none,This image content covers key concepts about responsible posting.,95,Responsible Posting - Part 3,image,2023-04-08T11:37:00.000Z,91,true,true,English,24,https://cdn.magicbus.edu/content/000095.ima,3
none,This interactive content covers key concepts about responsible posting.,96,Responsible Posting - Part 4,interactive,2023-04-08T11:37:00.000Z,256,true,false,English,24,https://cdn.magicbus.edu/content/000096.int,4
none,This text content covers key concepts about cyberbullying.,97,Cyberbullying - Part 1,text,2023-04-08T11:37:00.000Z,91,true,true,English,25,https://cdn.magicbus.edu/content/000097.tex,1
subtitles,This video content covers key concepts about cyberbullying.,98,Cyberbullying - Part 2,video,2023-04-08T11:37:00.000Z,253,true,false,English,25,https://cdn.magicbus.edu/content/000098.vid,2
none,This image content covers key concepts about cyberbullying.,99,Cyberbullying - Part 3,image,2023-04-08T11:37:00.000Z,32,true,true,English,25,https://cdn.magicbus.edu/content/000099.ima,3
none,This interactive content covers key concepts about cyberbullying.,100,Cyberbullying - Part 4,interactive,2023-04-08T11:37:00.000Z,95,true,false,English,25,https://cdn.magicbus.edu/content/000100.int,4
none,This text content covers key concepts about reporting tools.,101,Reporting Tools - Part 1,text,2023-04-08T11:37:00.000Z,58,true,true,English,26,https://cdn.magicbus.edu/content/000101.tex,1
subtitles,This video content covers key concepts about reporting tools.,102,Reporting Tools - Part 2,video,2023-04-08T11:37:00.000Z,224,true,false,English,26,https://cdn.magicbus.edu/content/000102.vid,2
none,This image content covers key concepts about reporting tools.,103,Reporting Tools - Part 3,image,2023-04-08T11:37:00.000Z,38,true,true,English,26,https://cdn.magicbus.edu/content/000103.ima,3
none,This interactive content covers key concepts about reporting tools.,104,Reporting Tools - Part 4,interactive,2023-04-08T11:37:00.000Z,249,true,false,English,26,https://cdn.magicbus.edu/content/000104.int,4
none,This text content covers key concepts about fake accounts.,105,Fake Accounts - Part 1,text,2023-04-08T11:37:00.000Z,91,true,true,English,27,https://cdn.magicbus.edu/content/000105.tex,1
subtitles,This video content covers key concepts about fake accounts.,106,Fake Accounts - Part 2,video,2023-04-08T11:37:00.000Z,190,true,false,English,27,https://cdn.magicbus.edu/content/000106.vid,2
none,This image content covers key concepts about fake accounts.,107,Fake Accounts - Part 3,image,2023-04-08T11:37:00.000Z,33,true,true,English,27,https://cdn.magicbus.edu/content/000107.ima,3
none,This interactive content covers key concepts about fake accounts.,108,Fake Accounts - Part 4,interactive,2023-04-08T11:37:00.000Z,133,true,false,English,27,https://cdn.magicbus.edu/content/000108.int,4
none,This text content covers key concepts about screen time.,109,Screen Time - Part 1,text,2023-04-08T11:37:00.000Z,63,true,true,English,28,https://cdn.magicbus.edu/content/000109.tex,1
subtitles,This video content covers key concepts about screen time.,110,Screen Time - Part 2,video,2023-04-08T11:37:00.000Z,172,true,false,English,28,https://cdn.magicbus.edu/content/000110.vid,2
none,This image content covers key concepts about screen time.,111,Screen Time - Part 3,image,2023-04-08T11:37:00.000Z,88,true,true,English,28,https://cdn.magicbus.edu/content/000111.ima,3
none,This interactive content covers key concepts about screen time.,112,Screen Time - Part 4,interactive,2023-04-08T11:37:00.000Z,115,true,false,English,28,https://cdn.magicbus.edu/content/000112.int,4
none,This text content covers key concepts about online reputation.,113,Online Reputation - Part 1,text,2023-04-08T11:37:00.000Z,50,true,true,English,29,https://cdn.magicbus.edu/content/000113.tex,1
subtitles,This video content covers key concepts about online reputation.,114,Online Reputation - Part 2,video,2023-04-08T11:37:00.000Z,123,true,false,English,29,https://cdn.magicbus.edu/content/000114.vid,2
none,This image content covers key concepts about online reputation.,115,Online Reputation - Part 3,image,2023-04-08T11:37:00.000Z,70,true,true,English,29,https://cdn.magicbus.edu/content/000115.ima,3
none,This interactive content covers key concepts about online reputation.,116,Online Reputation - Part 4,interactive,2023-04-08T11:37:00.000Z,160,true,false,English,29,https://cdn.magicbus.edu/content/000116.int,4
none,This text content covers key concepts about healthy habits.,117,Healthy Habits - Part 1,text,2023-04-08T11:37:00.000Z,102,true,true,English,30,https://cdn.magicbus.edu/content/000117.tex,1
subtitles,This video content covers key concepts about healthy habits.,118,Healthy Habits - Part 2,video,2023-04-08T11:37:00.000Z,199,true,false,English,30,https://cdn.magicbus.edu/content/000118.vid,2
none,This image content covers key concepts about healthy habits.,119,Healthy Habits - Part 3,image,2023-04-08T11:37:00.000Z,96,true,true,English,30,https://cdn.magicbus.edu/content/000119.ima,3
none,This interactive content covers key concepts about healthy habits.,120,Healthy Habits - Part 4,interactive,2023-04-08T11:37:00.000Z,79,true,false,English,30,https://cdn.magicbus.edu/content/000120.int,4
none,This text content covers key concepts about what is ai.,121,What is AI - Part 1,text,2023-05-29T06:28:00.000Z,35,true,true,English,31,https://cdn.magicbus.edu/content/000121.tex,1
subtitles,This video content covers key concepts about what is ai.,122,What is AI - Part 2,video,2023-05-29T06:28:00.000Z,100,true,false,English,31,https://cdn.magicbus.edu/content/000122.vid,2
none,This image content covers key concepts about what is ai.,123,What is AI - Part 3,image,2023-05-29T06:28:00.000Z,51,true,true,English,31,https://cdn.magicbus.edu/content/000123.ima,3
none,This interactive content covers key concepts about what is ai.,124,What is AI - Part 4,interactive,2023-05-29T06:28:00.000Z,230,true,false,English,31,https://cdn.magicbus.edu/content/000124.int,4
none,This text content covers key concepts about ai history.,125,AI History - Part 1,text,2023-05-29T06:28:00.000Z,111,true,true,English,32,https://cdn.magicbus.edu/content/000125.tex,1
subtitles,This video content covers key concepts about ai history.,126,AI History - Part 2,video,2023-05-29T06:28:00.000Z,64,true,false,English,32,https://cdn.magicbus.edu/content/000126.vid,2
none,This image content covers key concepts about ai history.,127,AI History - Part 3,image,2023-05-29T06:28:00.000Z,84,true,true,English,32,https://cdn.magicbus.edu/content/000127.ima,3
none,This interactive content covers key concepts about ai history.,128,AI History - Part 4,interactive,2023-05-29T06:28:00.000Z,97,true,false,English,32,https://cdn.magicbus.edu/content/000128.int,4
none,This text content covers key concepts about machine learning basics.,129,Machine Learning Basics - Part 1,text,2023-05-29T06:28:00.000Z,67,true,true,English,33,https://cdn.magicbus.edu/content/000129.tex,1
subtitles,This video content covers key concepts about machine learning basics.,130,Machine Learning Basics - Part 2,video,2023-05-29T06:28:00.000Z,240,true,false,English,33,https://cdn.magicbus.edu/content/000130.vid,2
none,This image content covers key concepts about machine learning basics.,131,Machine Learning Basics - Part 3,image,2023-05-29T06:28:00.000Z,117,true,true,English,33,https://cdn.magicbus.edu/content/000131.ima,3
none,This interactive content covers key concepts about machine learning basics.,132,Machine Learning Basics - Part 4,interactive,2023-05-29T06:28:00.000Z,145,true,false,English,33,https://cdn.magicbus.edu/content/000132.int,4
none,This text content covers key concepts about neural networks intro.,133,Neural Networks Intro - Part 1,text,2023-05-29T06:28:00.000Z,92,true,true,English,34,https://cdn.magicbus.edu/content/000133.tex,1
subtitles,This video content covers key concepts about neural networks intro.,134,Neural Networks Intro - Part 2,video,2023-05-29T06:28:00.000Z,253,true,false,English,34,https://cdn.magicbus.edu/content/000134.vid,2
none,This image content covers key concepts about neural networks intro.,135,Neural Networks Intro - Part 3,image,2023-05-29T06:28:00.000Z,101,true,true,English,34,https://cdn.magicbus.edu/content/000135.ima,3
none,This interactive content covers key concepts about neural networks intro.,136,Neural Networks Intro - Part 4,interactive,2023-05-29T06:28:00.000Z,69,true,false,English,34,https://cdn.magicbus.edu/content/000136.int,4
none,This text content covers key concepts about ai applications.,137,AI Applications - Part 1,text,2023-05-29T06:28:00.000Z,42,true,true,English,35,https://cdn.magicbus.edu/content/000137.tex,1
subtitles,This video content covers key concepts about ai applications.,138,AI Applications - Part 2,video,2023-05-29T06:28:00.000Z,66,true,false,English,35,https://cdn.magicbus.edu/content/000138.vid,2
none,This image content covers key concepts about ai applications.,139,AI Applications - Part 3,image,2023-05-29T06:28:00.000Z,116,true,true,English,35,https://cdn.magicbus.edu/content/000139.ima,3
none,This interactive content covers key concepts about ai applications.,140,AI Applications - Part 4,interactive,2023-05-29T06:28:00.000Z,65,true,false,English,35,https://cdn.magicbus.edu/content/000140.int,4
none,This text content covers key concepts about chatbots explained.,141,ChatBots Explained - Part 1,text,2023-05-29T06:28:00.000Z,100,true,true,English,36,https://cdn.magicbus.edu/content/000141.tex,1
subtitles,This video content covers key concepts about chatbots explained.,142,ChatBots Explained - Part 2,video,2023-05-29T06:28:00.000Z,139,true,false,English,36,https://cdn.magicbus.edu/content/000142.vid,2
none,This image content covers key concepts about chatbots explained.,143,ChatBots Explained - Part 3,image,2023-05-29T06:28:00.000Z,75,true,true,English,36,https://cdn.magicbus.edu/content/000143.ima,3
none,This interactive content covers key concepts about chatbots explained.,144,ChatBots Explained - Part 4,interactive,2023-05-29T06:28:00.000Z,272,true,false,English,36,https://cdn.magicbus.edu/content/000144.int,4
none,This text content covers key concepts about computer vision.,145,Computer Vision - Part 1,text,2023-05-29T06:28:00.000Z,30,true,true,English,37,https://cdn.magicbus.edu/content/000145.tex,1
subtitles,This video content covers key concepts about computer vision.,146,Computer Vision - Part 2,video,2023-05-29T06:28:00.000Z,92,true,false,English,37,https://cdn.magicbus.edu/content/000146.vid,2
none,This image content covers key concepts about computer vision.,147,Computer Vision - Part 3,image,2023-05-29T06:28:00.000Z,115,true,true,English,37,https://cdn.magicbus.edu/content/000147.ima,3
none,This interactive content covers key concepts about computer vision.,148,Computer Vision - Part 4,interactive,2023-05-29T06:28:00.000Z,254,true,false,English,37,https://cdn.magicbus.edu/content/000148.int,4
none,This text content covers key concepts about voice recognition.,149,Voice Recognition - Part 1,text,2023-05-29T06:28:00.000Z,91,true,true,English,38,https://cdn.magicbus.edu/content/000149.tex,1
subtitles,This video content covers key concepts about voice recognition.,150,Voice Recognition - Part 2,video,2023-05-29T06:28:00.000Z,101,true,false,English,38,https://cdn.magicbus.edu/content/000150.vid,2
none,This image content covers key concepts about voice recognition.,151,Voice Recognition - Part 3,image,2023-05-29T06:28:00.000Z,46,true,true,English,38,https://cdn.magicbus.edu/content/000151.ima,3
none,This interactive content covers key concepts about voice recognition.,152,Voice Recognition - Part 4,interactive,2023-05-29T06:28:00.000Z,118,true,false,English,38,https://cdn.magicbus.edu/content/000152.int,4
none,This text content covers key concepts about ai limitations.,153,AI Limitations - Part 1,text,2023-05-29T06:28:00.000Z,94,true,true,English,39,https://cdn.magicbus.edu/content/000153.tex,1
subtitles,This video content covers key concepts about ai limitations.,154,AI Limitations - Part 2,video,2023-05-29T06:28:00.000Z,143,true,false,English,39,https://cdn.magicbus.edu/content/000154.vid,2
none,This image content covers key concepts about ai limitations.,155,AI Limitations - Part 3,image,2023-05-29T06:28:00.000Z,61,true,true,English,39,https://cdn.magicbus.edu/content/000155.ima,3
none,This interactive content covers key concepts about ai limitations.,156,AI Limitations - Part 4,interactive,2023-05-29T06:28:00.000Z,212,true,false,English,39,https://cdn.magicbus.edu/content/000156.int,4
none,This text content covers key concepts about ai ethics.,157,AI Ethics - Part 1,text,2023-05-29T06:28:00.000Z,79,true,true,English,40,https://cdn.magicbus.edu/content/000157.tex,1
subtitles,This video content covers key concepts about ai ethics.,158,AI Ethics - Part 2,video,2023-05-29T06:28:00.000Z,192,true,false,English,40,https://cdn.magicbus.edu/content/000158.vid,2
none,This image content covers key concepts about ai ethics.,159,AI Ethics - Part 3,image,2023-05-29T06:28:00.000Z,113,true,true,English,40,https://cdn.magicbus.edu/content/000159.ima,3
none,This interactive content covers key concepts about ai ethics.,160,AI Ethics - Part 4,interactive,2023-05-29T06:28:00.000Z,174,true,false,English,40,https://cdn.magicbus.edu/content/000160.int,4
none,This text content covers key concepts about ai in your phone.,161,AI in Your Phone - Part 1,text,2023-05-02T11:57:00.000Z,43,true,true,English,41,https://cdn.magicbus.edu/content/000161.tex,1
subtitles,This video content covers key concepts about ai in your phone.,162,AI in Your Phone - Part 2,video,2023-05-02T11:57:00.000Z,249,true,false,English,41,https://cdn.magicbus.edu/content/000162.vid,2
none,This image content covers key concepts about ai in your phone.,163,AI in Your Phone - Part 3,image,2023-05-02T11:57:00.000Z,97,true,true,English,41,https://cdn.magicbus.edu/content/000163.ima,3
none,This interactive content covers key concepts about ai in your phone.,164,AI in Your Phone - Part 4,interactive,2023-05-02T11:57:00.000Z,121,true,false,English,41,https://cdn.magicbus.edu/content/000164.int,4
none,This text content covers key concepts about smart assistants.,165,Smart Assistants - Part 1,text,2023-05-02T11:57:00.000Z,38,true,true,English,42,https://cdn.magicbus.edu/content/000165.tex,1
subtitles,This video content covers key concepts about smart assistants.,166,Smart Assistants - Part 2,video,2023-05-02T11:57:00.000Z,219,true,false,English,42,https://cdn.magicbus.edu/content/000166.vid,2
none,This image content covers key concepts about smart assistants.,167,Smart Assistants - Part 3,image,2023-05-02T11:57:00.000Z,78,true,true,English,42,https://cdn.magicbus.edu/content/000167.ima,3
none,This interactive content covers key concepts about smart assistants.,168,Smart Assistants - Part 4,interactive,2023-05-02T11:57:00.000Z,118,true,false,English,42,https://cdn.magicbus.edu/content/000168.int,4
none,This text content covers key concepts about recommendation systems.,169,Recommendation Systems - Part 1,text,2023-05-02T11:57:00.000Z,37,true,true,English,43,https://cdn.magicbus.edu/content/000169.tex,1
subtitles,This video content covers key concepts about recommendation systems.,170,Recommendation Systems - Part 2,video,2023-05-02T11:57:00.000Z,161,true,false,English,43,https://cdn.magicbus.edu/content/000170.vid,2
none,This image content covers key concepts about recommendation systems.,171,Recommendation Systems - Part 3,image,2023-05-02T11:57:00.000Z,76,true,true,English,43,https://cdn.magicbus.edu/content/000171.ima,3
none,This interactive content covers key concepts about recommendation systems.,172,Recommendation Systems - Part 4,interactive,2023-05-02T11:57:00.000Z,67,true,false,English,43,https://cdn.magicbus.edu/content/000172.int,4
none,This text content covers key concepts about ai in games.,173,AI in Games - Part 1,text,2023-05-02T11:57:00.000Z,102,true,true,English,44,https://cdn.magicbus.edu/content/000173.tex,1
subtitles,This video content covers key concepts about ai in games.,174,AI in Games - Part 2,video,2023-05-02T11:57:00.000Z,167,true,false,English,44,https://cdn.magicbus.edu/content/000174.vid,2
none,This image content covers key concepts about ai in games.,175,AI in Games - Part 3,image,2023-05-02T11:57:00.000Z,88,true,true,English,44,https://cdn.magicbus.edu/content/000175.ima,3
none,This interactive content covers key concepts about ai in games.,176,AI in Games - Part 4,interactive,2023-05-02T11:57:00.000Z,290,true,false,English,44,https://cdn.magicbus.edu/content/000176.int,4
none,This text content covers key concepts about ai in photos.,177,AI in Photos - Part 1,text,2023-05-02T11:57:00.000Z,84,true,true,English,45,https://cdn.magicbus.edu/content/000177.tex,1
subtitles,This video content covers key concepts about ai in photos.,178,AI in Photos - Part 2,video,2023-05-02T11:57:00.000Z,71,true,false,English,45,https://cdn.magicbus.edu/content/000178.vid,2
none,This image content covers key concepts about ai in photos.,179,AI in Photos - Part 3,image,2023-05-02T11:57:00.000Z,109,true,true,English,45,https://cdn.magicbus.edu/content/000179.ima,3
none,This interactive content covers key concepts about ai in photos.,180,AI in Photos - Part 4,interactive,2023-05-02T11:57:00.000Z,75,true,false,English,45,https://cdn.magicbus.edu/content/000180.int,4
none,This text content covers key concepts about autocomplete & ai.,181,Autocomplete & AI - Part 1,text,2023-05-02T11:57:00.000Z,86,true,true,English,46,https://cdn.magicbus.edu/content/000181.tex,1
subtitles,This video content covers key concepts about autocomplete & ai.,182,Autocomplete & AI - Part 2,video,2023-05-02T11:57:00.000Z,235,true,false,English,46,https://cdn.magicbus.edu/content/000182.vid,2
none,This image content covers key concepts about autocomplete & ai.,183,Autocomplete & AI - Part 3,image,2023-05-02T11:57:00.000Z,107,true,true,English,46,https://cdn.magicbus.edu/content/000183.ima,3
none,This interactive content covers key concepts about autocomplete & ai.,184,Autocomplete & AI - Part 4,interactive,2023-05-02T11:57:00.000Z,165,true,false,English,46,https://cdn.magicbus.edu/content/000184.int,4
none,This text content covers key concepts about ai in navigation.,185,AI in Navigation - Part 1,text,2023-05-02T11:57:00.000Z,32,true,true,English,47,https://cdn.magicbus.edu/content/000185.tex,1
subtitles,This video content covers key concepts about ai in navigation.,186,AI in Navigation - Part 2,video,2023-05-02T11:57:00.000Z,225,true,false,English,47,https://cdn.magicbus.edu/content/000186.vid,2
none,This image content covers key concepts about ai in navigation.,187,AI in Navigation - Part 3,image,2023-05-02T11:57:00.000Z,57,true,true,English,47,https://cdn.magicbus.edu/content/000187.ima,3
none,This interactive content covers key concepts about ai in navigation.,188,AI in Navigation - Part 4,interactive,2023-05-02T11:57:00.000Z,195,true,false,English,47,https://cdn.magicbus.edu/content/000188.int,4
none,This text content covers key concepts about smart home devices.,189,Smart Home Devices - Part 1,text,2023-05-02T11:57:00.000Z,51,true,true,English,48,https://cdn.magicbus.edu/content/000189.tex,1
subtitles,This video content covers key concepts about smart home devices.,190,Smart Home Devices - Part 2,video,2023-05-02T11:57:00.000Z,66,true,false,English,48,https://cdn.magicbus.edu/content/000190.vid,2
none,This image content covers key concepts about smart home devices.,191,Smart Home Devices - Part 3,image,2023-05-02T11:57:00.000Z,51,true,true,English,48,https://cdn.magicbus.edu/content/000191.ima,3
none,This interactive content covers key concepts about smart home devices.,192,Smart Home Devices - Part 4,interactive,2023-05-02T11:57:00.000Z,98,true,false,English,48,https://cdn.magicbus.edu/content/000192.int,4
none,This text content covers key concepts about ai in healthcare.,193,AI in Healthcare - Part 1,text,2023-05-02T11:57:00.000Z,54,true,true,English,49,https://cdn.magicbus.edu/content/000193.tex,1
subtitles,This video content covers key concepts about ai in healthcare.,194,AI in Healthcare - Part 2,video,2023-05-02T11:57:00.000Z,297,true,false,English,49,https://cdn.magicbus.edu/content/000194.vid,2
none,This image content covers key concepts about ai in healthcare.,195,AI in Healthcare - Part 3,image,2023-05-02T11:57:00.000Z,63,true,true,English,49,https://cdn.magicbus.edu/content/000195.ima,3
none,This interactive content covers key concepts about ai in healthcare.,196,AI in Healthcare - Part 4,interactive,2023-05-02T11:57:00.000Z,81,true,false,English,49,https://cdn.magicbus.edu/content/000196.int,4
none,This text content covers key concepts about future ai.,197,Future AI - Part 1,text,2023-05-02T11:57:00.000Z,31,true,true,English,50,https://cdn.magicbus.edu/content/000197.tex,1
subtitles,This video content covers key concepts about future ai.,198,Future AI - Part 2,video,2023-05-02T11:57:00.000Z,226,true,false,English,50,https://cdn.magicbus.edu/content/000198.vid,2
none,This image content covers key concepts about future ai.,199,Future AI - Part 3,image,2023-05-02T11:57:00.000Z,92,true,true,English,50,https://cdn.magicbus.edu/content/000199.ima,3
none,This interactive content covers key concepts about future ai.,200,Future AI - Part 4,interactive,2023-05-02T11:57:00.000Z,274,true,false,English,50,https://cdn.magicbus.edu/content/000200.int,4
none,This text content covers key concepts about changing workplace.,201,Changing Workplace - Part 1,text,2023-05-30T22:59:00.000Z,111,true,true,English,51,https://cdn.magicbus.edu/content/000201.tex,1
subtitles,This video content covers key concepts about changing workplace.,202,Changing Workplace - Part 2,video,2023-05-30T22:59:00.000Z,89,true,false,English,51,https://cdn.magicbus.edu/content/000202.vid,2
none,This image content covers key concepts about changing workplace.,203,Changing Workplace - Part 3,image,2023-05-30T22:59:00.000Z,85,true,true,English,51,https://cdn.magicbus.edu/content/000203.ima,3
none,This interactive content covers key concepts about changing workplace.,204,Changing Workplace - Part 4,interactive,2023-05-30T22:59:00.000Z,296,true,false,English,51,https://cdn.magicbus.edu/content/000204.int,4
none,This text content covers key concepts about new job types.,205,New Job Types - Part 1,text,2023-05-30T22:59:00.000Z,71,true,true,English,52,https://cdn.magicbus.edu/content/000205.tex,1
subtitles,This video content covers key concepts about new job types.,206,New Job Types - Part 2,video,2023-05-30T22:59:00.000Z,169,true,false,English,52,https://cdn.magicbus.edu/content/000206.vid,2
none,This image content covers key concepts about new job types.,207,New Job Types - Part 3,image,2023-05-30T22:59:00.000Z,65,true,true,English,52,https://cdn.magicbus.edu/content/000207.ima,3
none,This interactive content covers key concepts about new job types.,208,New Job Types - Part 4,interactive,2023-05-30T22:59:00.000Z,127,true,false,English,52,https://cdn.magicbus.edu/content/000208.int,4
none,This text content covers key concepts about skills for tomorrow.,209,Skills for Tomorrow - Part 1,text,2023-05-30T22:59:00.000Z,33,true,true,English,53,https://cdn.magicbus.edu/content/000209.tex,1
subtitles,This video content covers key concepts about skills for tomorrow.,210,Skills for Tomorrow - Part 2,video,2023-05-30T22:59:00.000Z,185,true,false,English,53,https://cdn.magicbus.edu/content/000210.vid,2
none,This image content covers key concepts about skills for tomorrow.,211,Skills for Tomorrow - Part 3,image,2023-05-30T22:59:00.000Z,37,true,true,English,53,https://cdn.magicbus.edu/content/000211.ima,3
none,This interactive content covers key concepts about skills for tomorrow.,212,Skills for Tomorrow - Part 4,interactive,2023-05-30T22:59:00.000Z,293,true,false,English,53,https://cdn.magicbus.edu/content/000212.int,4
none,This text content covers key concepts about remote work.,213,Remote Work - Part 1,text,2023-05-30T22:59:00.000Z,100,true,true,English,54,https://cdn.magicbus.edu/content/000213.tex,1
subtitles,This video content covers key concepts about remote work.,214,Remote Work - Part 2,video,2023-05-30T22:59:00.000Z,259,true,false,English,54,https://cdn.magicbus.edu/content/000214.vid,2
none,This image content covers key concepts about remote work.,215,Remote Work - Part 3,image,2023-05-30T22:59:00.000Z,82,true,true,English,54,https://cdn.magicbus.edu/content/000215.ima,3
none,This interactive content covers key concepts about remote work.,216,Remote Work - Part 4,interactive,2023-05-30T22:59:00.000Z,139,true,false,English,54,https://cdn.magicbus.edu/content/000216.int,4
none,This text content covers key concepts about automation impact.,217,Automation Impact - Part 1,text,2023-05-30T22:59:00.000Z,116,true,true,English,55,https://cdn.magicbus.edu/content/000217.tex,1
subtitles,This video content covers key concepts about automation impact.,218,Automation Impact - Part 2,video,2023-05-30T22:59:00.000Z,79,true,false,English,55,https://cdn.magicbus.edu/content/000218.vid,2
none,This image content covers key concepts about automation impact.,219,Automation Impact - Part 3,image,2023-05-30T22:59:00.000Z,41,true,true,English,55,https://cdn.magicbus.edu/content/000219.ima,3
none,This interactive content covers key concepts about automation impact.,220,Automation Impact - Part 4,interactive,2023-05-30T22:59:00.000Z,282,true,false,English,55,https://cdn.magicbus.edu/content/000220.int,4
none,This text content covers key concepts about gig economy.,221,Gig Economy - Part 1,text,2023-05-30T22:59:00.000Z,48,true,true,English,56,https://cdn.magicbus.edu/content/000221.tex,1
subtitles,This video content covers key concepts about gig economy.,222,Gig Economy - Part 2,video,2023-05-30T22:59:00.000Z,277,true,false,English,56,https://cdn.magicbus.edu/content/000222.vid,2
none,This image content covers key concepts about gig economy.,223,Gig Economy - Part 3,image,2023-05-30T22:59:00.000Z,48,true,true,English,56,https://cdn.magicbus.edu/content/000223.ima,3
none,This interactive content covers key concepts about gig economy.,224,Gig Economy - Part 4,interactive,2023-05-30T22:59:00.000Z,185,true,false,English,56,https://cdn.magicbus.edu/content/000224.int,4
none,This text content covers key concepts about entrepreneurship.,225,Entrepreneurship - Part 1,text,2023-05-30T22:59:00.000Z,101,true,true,English,57,https://cdn.magicbus.edu/content/000225.tex,1
subtitles,This video content covers key concepts about entrepreneurship.,226,Entrepreneurship - Part 2,video,2023-05-30T22:59:00.000Z,217,true,false,English,57,https://cdn.magicbus.edu/content/000226.vid,2
none,This image content covers key concepts about entrepreneurship.,227,Entrepreneurship - Part 3,image,2023-05-30T22:59:00.000Z,56,true,true,English,57,https://cdn.magicbus.edu/content/000227.ima,3
none,This interactive content covers key concepts about entrepreneurship.,228,Entrepreneurship - Part 4,interactive,2023-05-30T22:59:00.000Z,76,true,false,English,57,https://cdn.magicbus.edu/content/000228.int,4
none,This text content covers key concepts about lifelong learning.,229,Lifelong Learning - Part 1,text,2023-05-30T22:59:00.000Z,68,true,true,English,58,https://cdn.magicbus.edu/content/000229.tex,1
subtitles,This video content covers key concepts about lifelong learning.,230,Lifelong Learning - Part 2,video,2023-05-30T22:59:00.000Z,298,true,false,English,58,https://cdn.magicbus.edu/content/000230.vid,2
none,This image content covers key concepts about lifelong learning.,231,Lifelong Learning - Part 3,image,2023-05-30T22:59:00.000Z,49,true,true,English,58,https://cdn.magicbus.edu/content/000231.ima,3
none,This interactive content covers key concepts about lifelong learning.,232,Lifelong Learning - Part 4,interactive,2023-05-30T22:59:00.000Z,295,true,false,English,58,https://cdn.magicbus.edu/content/000232.int,4
none,This text content covers key concepts about career adaptability.,233,Career Adaptability - Part 1,text,2023-05-30T22:59:00.000Z,76,true,true,English,59,https://cdn.magicbus.edu/content/000233.tex,1
subtitles,This video content covers key concepts about career adaptability.,234,Career Adaptability - Part 2,video,2023-05-30T22:59:00.000Z,136,true,false,English,59,https://cdn.magicbus.edu/content/000234.vid,2
none,This image content covers key concepts about career adaptability.,235,Career Adaptability - Part 3,image,2023-05-30T22:59:00.000Z,51,true,true,English,59,https://cdn.magicbus.edu/content/000235.ima,3
none,This interactive content covers key concepts about career adaptability.,236,Career Adaptability - Part 4,interactive,2023-05-30T22:59:00.000Z,88,true,false,English,59,https://cdn.magicbus.edu/content/000236.int,4
none,This text content covers key concepts about future planning.,237,Future Planning - Part 1,text,2023-05-30T22:59:00.000Z,57,true,true,English,60,https://cdn.magicbus.edu/content/000237.tex,1
subtitles,This video content covers key concepts about future planning.,238,Future Planning - Part 2,video,2023-05-30T22:59:00.000Z,264,true,false,English,60,https://cdn.magicbus.edu/content/000238.vid,2
none,This image content covers key concepts about future planning.,239,Future Planning - Part 3,image,2023-05-30T22:59:00.000Z,116,true,true,English,60,https://cdn.magicbus.edu/content/000239.ima,3
none,This interactive content covers key concepts about future planning.,240,Future Planning - Part 4,interactive,2023-05-30T22:59:00.000Z,129,true,false,English,60,https://cdn.magicbus.edu/content/000240.int,4
none,This text content covers key concepts about what is coding.,241,What is Coding - Part 1,text,2023-06-03T11:20:00.000Z,53,true,true,English,61,https://cdn.magicbus.edu/content/000241.tex,1
subtitles,This video content covers key concepts about what is coding.,242,What is Coding - Part 2,video,2023-06-03T11:20:00.000Z,146,true,false,English,61,https://cdn.magicbus.edu/content/000242.vid,2
none,This image content covers key concepts about what is coding.,243,What is Coding - Part 3,image,2023-06-03T11:20:00.000Z,104,true,true,English,61,https://cdn.magicbus.edu/content/000243.ima,3
none,This interactive content covers key concepts about what is coding.,244,What is Coding - Part 4,interactive,2023-06-03T11:20:00.000Z,236,true,false,English,61,https://cdn.magicbus.edu/content/000244.int,4
none,This text content covers key concepts about logic & sequences.,245,Logic & Sequences - Part 1,text,2023-06-03T11:20:00.000Z,63,true,true,English,62,https://cdn.magicbus.edu/content/000245.tex,1
subtitles,This video content covers key concepts about logic & sequences.,246,Logic & Sequences - Part 2,video,2023-06-03T11:20:00.000Z,228,true,false,English,62,https://cdn.magicbus.edu/content/000246.vid,2
none,This image content covers key concepts about logic & sequences.,247,Logic & Sequences - Part 3,image,2023-06-03T11:20:00.000Z,113,true,true,English,62,https://cdn.magicbus.edu/content/000247.ima,3
none,This interactive content covers key concepts about logic & sequences.,248,Logic & Sequences - Part 4,interactive,2023-06-03T11:20:00.000Z,134,true,false,English,62,https://cdn.magicbus.edu/content/000248.int,4
none,This text content covers key concepts about variables.,249,Variables - Part 1,text,2023-06-03T11:20:00.000Z,44,true,true,English,63,https://cdn.magicbus.edu/content/000249.tex,1
subtitles,This video content covers key concepts about variables.,250,Variables - Part 2,video,2023-06-03T11:20:00.000Z,103,true,false,English,63,https://cdn.magicbus.edu/content/000250.vid,2
none,This image content covers key concepts about variables.,251,Variables - Part 3,image,2023-06-03T11:20:00.000Z,89,true,true,English,63,https://cdn.magicbus.edu/content/000251.ima,3
none,This interactive content covers key concepts about variables.,252,Variables - Part 4,interactive,2023-06-03T11:20:00.000Z,272,true,false,English,63,https://cdn.magicbus.edu/content/000252.int,4
none,This text content covers key concepts about loops.,253,Loops - Part 1,text,2023-06-03T11:20:00.000Z,80,true,true,English,64,https://cdn.magicbus.edu/content/000253.tex,1
subtitles,This video content covers key concepts about loops.,254,Loops - Part 2,video,2023-06-03T11:20:00.000Z,160,true,false,English,64,https://cdn.magicbus.edu/content/000254.vid,2
none,This image content covers key concepts about loops.,255,Loops - Part 3,image,2023-06-03T11:20:00.000Z,57,true,true,English,64,https://cdn.magicbus.edu/content/000255.ima,3
none,This interactive content covers key concepts about loops.,256,Loops - Part 4,interactive,2023-06-03T11:20:00.000Z,195,true,false,English,64,https://cdn.magicbus.edu/content/000256.int,4
none,This text content covers key concepts about conditionals.,257,Conditionals - Part 1,text,2023-06-03T11:20:00.000Z,32,true,true,English,65,https://cdn.magicbus.edu/content/000257.tex,1
subtitles,This video content covers key concepts about conditionals.,258,Conditionals - Part 2,video,2023-06-03T11:20:00.000Z,264,true,false,English,65,https://cdn.magicbus.edu/content/000258.vid,2
none,This image content covers key concepts about conditionals.,259,Conditionals - Part 3,image,2023-06-03T11:20:00.000Z,107,true,true,English,65,https://cdn.magicbus.edu/content/000259.ima,3
none,This interactive content covers key concepts about conditionals.,260,Conditionals - Part 4,interactive,2023-06-03T11:20:00.000Z,86,true,false,English,65,https://cdn.magicbus.edu/content/000260.int,4
none,This text content covers key concepts about functions.,261,Functions - Part 1,text,2023-06-03T11:20:00.000Z,67,true,true,English,66,https://cdn.magicbus.edu/content/000261.tex,1
subtitles,This video content covers key concepts about functions.,262,Functions - Part 2,video,2023-06-03T11:20:00.000Z,286,true,false,English,66,https://cdn.magicbus.edu/content/000262.vid,2
none,This image content covers key concepts about functions.,263,Functions - Part 3,image,2023-06-03T11:20:00.000Z,73,true,true,English,66,https://cdn.magicbus.edu/content/000263.ima,3
none,This interactive content covers key concepts about functions.,264,Functions - Part 4,interactive,2023-06-03T11:20:00.000Z,124,true,false,English,66,https://cdn.magicbus.edu/content/000264.int,4
none,This text content covers key concepts about debugging.,265,Debugging - Part 1,text,2023-06-03T11:20:00.000Z,86,true,true,English,67,https://cdn.magicbus.edu/content/000265.tex,1
subtitles,This video content covers key concepts about debugging.,266,Debugging - Part 2,video,2023-06-03T11:20:00.000Z,221,true,false,English,67,https://cdn.magicbus.edu/content/000266.vid,2
none,This image content covers key concepts about debugging.,267,Debugging - Part 3,image,2023-06-03T11:20:00.000Z,84,true,true,English,67,https://cdn.magicbus.edu/content/000267.ima,3
none,This interactive content covers key concepts about debugging.,268,Debugging - Part 4,interactive,2023-06-03T11:20:00.000Z,68,true,false,English,67,https://cdn.magicbus.edu/content/000268.int,4
none,This text content covers key concepts about problem decomposition.,269,Problem Decomposition - Part 1,text,2023-06-03T11:20:00.000Z,100,true,true,English,68,https://cdn.magicbus.edu/content/000269.tex,1
subtitles,This video content covers key concepts about problem decomposition.,270,Problem Decomposition - Part 2,video,2023-06-03T11:20:00.000Z,256,true,false,English,68,https://cdn.magicbus.edu/content/000270.vid,2
none,This image content covers key concepts about problem decomposition.,271,Problem Decomposition - Part 3,image,2023-06-03T11:20:00.000Z,70,true,true,English,68,https://cdn.magicbus.edu/content/000271.ima,3
none,This interactive content covers key concepts about problem decomposition.,272,Problem Decomposition - Part 4,interactive,2023-06-03T11:20:00.000Z,199,true,false,English,68,https://cdn.magicbus.edu/content/000272.int,4
none,This text content covers key concepts about algorithms intro.,273,Algorithms Intro - Part 1,text,2023-06-03T11:20:00.000Z,56,true,true,English,69,https://cdn.magicbus.edu/content/000273.tex,1
subtitles,This video content covers key concepts about algorithms intro.,274,Algorithms Intro - Part 2,video,2023-06-03T11:20:00.000Z,134,true,false,English,69,https://cdn.magicbus.edu/content/000274.vid,2
none,This image content covers key concepts about algorithms intro.,275,Algorithms Intro - Part 3,image,2023-06-03T11:20:00.000Z,83,true,true,English,69,https://cdn.magicbus.edu/content/000275.ima,3
none,This interactive content covers key concepts about algorithms intro.,276,Algorithms Intro - Part 4,interactive,2023-06-03T11:20:00.000Z,86,true,false,English,69,https://cdn.magicbus.edu/content/000276.int,4
none,This text content covers key concepts about first program.,277,First Program - Part 1,text,2023-06-03T11:20:00.000Z,65,true,true,English,70,https://cdn.magicbus.edu/content/000277.tex,1
subtitles,This video content covers key concepts about first program.,278,First Program - Part 2,video,2023-06-03T11:20:00.000Z,130,true,false,English,70,https://cdn.magicbus.edu/content/000278.vid,2
none,This image content covers key concepts about first program.,279,First Program - Part 3,image,2023-06-03T11:20:00.000Z,104,true,true,English,70,https://cdn.magicbus.edu/content/000279.ima,3
none,This interactive content covers key concepts about first program.,280,First Program - Part 4,interactive,2023-06-03T11:20:00.000Z,120,true,false,English,70,https://cdn.magicbus.edu/content/000280.int,4
none,This text content covers key concepts about what is data.,281,What is Data - Part 1,text,2023-02-02T20:33:00.000Z,48,true,true,English,71,https://cdn.magicbus.edu/content/000281.tex,1
subtitles,This video content covers key concepts about what is data.,282,What is Data - Part 2,video,2023-02-02T20:33:00.000Z,147,true,false,English,71,https://cdn.magicbus.edu/content/000282.vid,2
none,This image content covers key concepts about what is data.,283,What is Data - Part 3,image,2023-02-02T20:33:00.000Z,120,true,true,English,71,https://cdn.magicbus.edu/content/000283.ima,3
none,This interactive content covers key concepts about what is data.,284,What is Data - Part 4,interactive,2023-02-02T20:33:00.000Z,284,true,false,English,71,https://cdn.magicbus.edu/content/000284.int,4
none,This text content covers key concepts about types of data.,285,Types of Data - Part 1,text,2023-02-02T20:33:00.000Z,94,true,true,English,72,https://cdn.magicbus.edu/content/000285.tex,1
subtitles,This video content covers key concepts about types of data.,286,Types of Data - Part 2,video,2023-02-02T20:33:00.000Z,250,true,false,English,72,https://cdn.magicbus.edu/content/000286.vid,2
none,This image content covers key concepts about types of data.,287,Types of Data - Part 3,image,2023-02-02T20:33:00.000Z,36,true,true,English,72,https://cdn.magicbus.edu/content/000287.ima,3
none,This interactive content covers key concepts about types of data.,288,Types of Data - Part 4,interactive,2023-02-02T20:33:00.000Z,164,true,false,English,72,https://cdn.magicbus.edu/content/000288.int,4
none,This text content covers key concepts about reading charts.,289,Reading Charts - Part 1,text,2023-02-02T20:33:00.000Z,68,true,true,English,73,https://cdn.magicbus.edu/content/000289.tex,1
subtitles,This video content covers key concepts about reading charts.,290,Reading Charts - Part 2,video,2023-02-02T20:33:00.000Z,220,true,false,English,73,https://cdn.magicbus.edu/content/000290.vid,2
none,This image content covers key concepts about reading charts.,291,Reading Charts - Part 3,image,2023-02-02T20:33:00.000Z,71,true,true,English,73,https://cdn.magicbus.edu/content/000291.ima,3
none,This interactive content covers key concepts about reading charts.,292,Reading Charts - Part 4,interactive,2023-02-02T20:33:00.000Z,129,true,false,English,73,https://cdn.magicbus.edu/content/000292.int,4
none,This text content covers key concepts about making graphs.,293,Making Graphs - Part 1,text,2023-02-02T20:33:00.000Z,67,true,true,English,74,https://cdn.magicbus.edu/content/000293.tex,1
subtitles,This video content covers key concepts about making graphs.,294,Making Graphs - Part 2,video,2023-02-02T20:33:00.000Z,214,true,false,English,74,https://cdn.magicbus.edu/content/000294.vid,2
none,This image content covers key concepts about making graphs.,295,Making Graphs - Part 3,image,2023-02-02T20:33:00.000Z,46,true,true,English,74,https://cdn.magicbus.edu/content/000295.ima,3
none,This interactive content covers key concepts about making graphs.,296,Making Graphs - Part 4,interactive,2023-02-02T20:33:00.000Z,199,true,false,English,74,https://cdn.magicbus.edu/content/000296.int,4
none,This text content covers key concepts about averages & percentages.,297,Averages & Percentages - Part 1,text,2023-02-02T20:33:00.000Z,34,true,true,English,75,https://cdn.magicbus.edu/content/000297.tex,1
subtitles,This video content covers key concepts about averages & percentages.,298,Averages & Percentages - Part 2,video,2023-02-02T20:33:00.000Z,298,true,false,English,75,https://cdn.magicbus.edu/content/000298.vid,2
none,This image content covers key concepts about averages & percentages.,299,Averages & Percentages - Part 3,image,2023-02-02T20:33:00.000Z,118,true,true,English,75,https://cdn.magicbus.edu/content/000299.ima,3
none,This interactive content covers key concepts about averages & percentages.,300,Averages & Percentages - Part 4,interactive,2023-02-02T20:33:00.000Z,235,true,false,English,75,https://cdn.magicbus.edu/content/000300.int,4
none,This text content covers key concepts about data collection.,301,Data Collection - Part 1,text,2023-02-02T20:33:00.000Z,76,true,true,English,76,https://cdn.magicbus.edu/content/000301.tex,1
subtitles,This video content covers key concepts about data collection.,302,Data Collection - Part 2,video,2023-02-02T20:33:00.000Z,280,true,false,English,76,https://cdn.magicbus.edu/content/000302.vid,2
none,This image content covers key concepts about data collection.,303,Data Collection - Part 3,image,2023-02-02T20:33:00.000Z,120,true,true,English,76,https://cdn.magicbus.edu/content/000303.ima,3
none,This interactive content covers key concepts about data collection.,304,Data Collection - Part 4,interactive,2023-02-02T20:33:00.000Z,245,true,false,English,76,https://cdn.magicbus.edu/content/000304.int,4
none,This text content covers key concepts about survey design.,305,Survey Design - Part 1,text,2023-02-02T20:33:00.000Z,47,true,true,English,77,https://cdn.magicbus.edu/content/000305.tex,1
subtitles,This video content covers key concepts about survey design.,306,Survey Design - Part 2,video,2023-02-02T20:33:00.000Z,68,true,false,English,77,https://cdn.magicbus.edu/content/000306.vid,2
none,This image content covers key concepts about survey design.,307,Survey Design - Part 3,image,2023-02-02T20:33:00.000Z,64,true,true,English,77,https://cdn.magicbus.edu/content/000307.ima,3
none,This interactive content covers key concepts about survey design.,308,Survey Design - Part 4,interactive,2023-02-02T20:33:00.000Z,265,true,false,English,77,https://cdn.magicbus.edu/content/000308.int,4
none,This text content covers key concepts about data cleaning.,309,Data Cleaning - Part 1,text,2023-02-02T20:33:00.000Z,40,true,true,English,78,https://cdn.magicbus.edu/content/000309.tex,1
subtitles,This video content covers key concepts about data cleaning.,310,Data Cleaning - Part 2,video,2023-02-02T20:33:00.000Z,291,true,false,English,78,https://cdn.magicbus.edu/content/000310.vid,2
none,This image content covers key concepts about data cleaning.,311,Data Cleaning - Part 3,image,2023-02-02T20:33:00.000Z,95,true,true,English,78,https://cdn.magicbus.edu/content/000311.ima,3
none,This interactive content covers key concepts about data cleaning.,312,Data Cleaning - Part 4,interactive,2023-02-02T20:33:00.000Z,93,true,false,English,78,https://cdn.magicbus.edu/content/000312.int,4
none,This text content covers key concepts about drawing conclusions.,313,Drawing Conclusions - Part 1,text,2023-02-02T20:33:00.000Z,48,true,true,English,79,https://cdn.magicbus.edu/content/000313.tex,1
subtitles,This video content covers key concepts about drawing conclusions.,314,Drawing Conclusions - Part 2,video,2023-02-02T20:33:00.000Z,265,true,false,English,79,https://cdn.magicbus.edu/content/000314.vid,2
none,This image content covers key concepts about drawing conclusions.,315,Drawing Conclusions - Part 3,image,2023-02-02T20:33:00.000Z,115,true,true,English,79,https://cdn.magicbus.edu/content/000315.ima,3
none,This interactive content covers key concepts about drawing conclusions.,316,Drawing Conclusions - Part 4,interactive,2023-02-02T20:33:00.000Z,131,true,false,English,79,https://cdn.magicbus.edu/content/000316.int,4
none,This text content covers key concepts about data stories.,317,Data Stories - Part 1,text,2023-02-02T20:33:00.000Z,84,true,true,English,80,https://cdn.magicbus.edu/content/000317.tex,1
subtitles,This video content covers key concepts about data stories.,318,Data Stories - Part 2,video,2023-02-02T20:33:00.000Z,93,true,false,English,80,https://cdn.magicbus.edu/content/000318.vid,2
none,This image content covers key concepts about data stories.,319,Data Stories - Part 3,image,2023-02-02T20:33:00.000Z,37,true,true,English,80,https://cdn.magicbus.edu/content/000319.ima,3
none,This interactive content covers key concepts about data stories.,320,Data Stories - Part 4,interactive,2023-02-02T20:33:00.000Z,241,true,false,English,80,https://cdn.magicbus.edu/content/000320.int,4
none,This text content covers key concepts about email etiquette.,321,Email Etiquette - Part 1,text,2023-03-20T09:57:00.000Z,108,true,true,English,81,https://cdn.magicbus.edu/content/000321.tex,1
subtitles,This video content covers key concepts about email etiquette.,322,Email Etiquette - Part 2,video,2023-03-20T09:57:00.000Z,114,true,false,English,81,https://cdn.magicbus.edu/content/000322.vid,2
none,This image content covers key concepts about email etiquette.,323,Email Etiquette - Part 3,image,2023-03-20T09:57:00.000Z,48,true,true,English,81,https://cdn.magicbus.edu/content/000323.ima,3
none,This interactive content covers key concepts about email etiquette.,324,Email Etiquette - Part 4,interactive,2023-03-20T09:57:00.000Z,69,true,false,English,81,https://cdn.magicbus.edu/content/000324.int,4
none,This text content covers key concepts about professional writing.,325,Professional Writing - Part 1,text,2023-03-20T09:57:00.000Z,118,true,true,English,82,https://cdn.magicbus.edu/content/000325.tex,1
subtitles,This video content covers key concepts about professional writing.,326,Professional Writing - Part 2,video,2023-03-20T09:57:00.000Z,110,true,false,English,82,https://cdn.magicbus.edu/content/000326.vid,2
none,This image content covers key concepts about professional writing.,327,Professional Writing - Part 3,image,2023-03-20T09:57:00.000Z,89,true,true,English,82,https://cdn.magicbus.edu/content/000327.ima,3
none,This interactive content covers key concepts about professional writing.,328,Professional Writing - Part 4,interactive,2023-03-20T09:57:00.000Z,235,true,false,English,82,https://cdn.magicbus.edu/content/000328.int,4
none,This text content covers key concepts about video calls.,329,Video Calls - Part 1,text,2023-03-20T09:57:00.000Z,56,true,true,English,83,https://cdn.magicbus.edu/content/000329.tex,1
subtitles,This video content covers key concepts about video calls.,330,Video Calls - Part 2,video,2023-03-20T09:57:00.000Z,87,true,false,English,83,https://cdn.magicbus.edu/content/000330.vid,2
none,This image content covers key concepts about video calls.,331,Video Calls - Part 3,image,2023-03-20T09:57:00.000Z,40,true,true,English,83,https://cdn.magicbus.edu/content/000331.ima,3
none,This interactive content covers key concepts about video calls.,332,Video Calls - Part 4,interactive,2023-03-20T09:57:00.000Z,91,true,false,English,83,https://cdn.magicbus.edu/content/000332.int,4
none,This text content covers key concepts about screen sharing.,333,Screen Sharing - Part 1,text,2023-03-20T09:57:00.000Z,74,true,true,English,84,https://cdn.magicbus.edu/content/000333.tex,1
subtitles,This video content covers key concepts about screen sharing.,334,Screen Sharing - Part 2,video,2023-03-20T09:57:00.000Z,115,true,false,English,84,https://cdn.magicbus.edu/content/000334.vid,2
none,This image content covers key concepts about screen sharing.,335,Screen Sharing - Part 3,image,2023-03-20T09:57:00.000Z,114,true,true,English,84,https://cdn.magicbus.edu/content/000335.ima,3
none,This interactive content covers key concepts about screen sharing.,336,Screen Sharing - Part 4,interactive,2023-03-20T09:57:00.000Z,84,true,false,English,84,https://cdn.magicbus.edu/content/000336.int,4
none,This text content covers key concepts about online collaboration.,337,Online Collaboration - Part 1,text,2023-03-20T09:57:00.000Z,58,true,true,English,85,https://cdn.magicbus.edu/content/000337.tex,1
subtitles,This video content covers key concepts about online collaboration.,338,Online Collaboration - Part 2,video,2023-03-20T09:57:00.000Z,299,true,false,English,85,https://cdn.magicbus.edu/content/000338.vid,2
none,This image content covers key concepts about online collaboration.,339,Online Collaboration - Part 3,image,2023-03-20T09:57:00.000Z,65,true,true,English,85,https://cdn.magicbus.edu/content/000339.ima,3
none,This interactive content covers key concepts about online collaboration.,340,Online Collaboration - Part 4,interactive,2023-03-20T09:57:00.000Z,168,true,false,English,85,https://cdn.magicbus.edu/content/000340.int,4
none,This text content covers key concepts about meeting netiquette.,341,Meeting Netiquette - Part 1,text,2023-03-20T09:57:00.000Z,43,true,true,English,86,https://cdn.magicbus.edu/content/000341.tex,1
subtitles,This video content covers key concepts about meeting netiquette.,342,Meeting Netiquette - Part 2,video,2023-03-20T09:57:00.000Z,121,true,false,English,86,https://cdn.magicbus.edu/content/000342.vid,2
none,This image content covers key concepts about meeting netiquette.,343,Meeting Netiquette - Part 3,image,2023-03-20T09:57:00.000Z,46,true,true,English,86,https://cdn.magicbus.edu/content/000343.ima,3
none,This interactive content covers key concepts about meeting netiquette.,344,Meeting Netiquette - Part 4,interactive,2023-03-20T09:57:00.000Z,100,true,false,English,86,https://cdn.magicbus.edu/content/000344.int,4
none,This text content covers key concepts about digital presentations.,345,Digital Presentations - Part 1,text,2023-03-20T09:57:00.000Z,78,true,true,English,87,https://cdn.magicbus.edu/content/000345.tex,1
subtitles,This video content covers key concepts about digital presentations.,346,Digital Presentations - Part 2,video,2023-03-20T09:57:00.000Z,268,true,false,English,87,https://cdn.magicbus.edu/content/000346.vid,2
none,This image content covers key concepts about digital presentations.,347,Digital Presentations - Part 3,image,2023-03-20T09:57:00.000Z,103,true,true,English,87,https://cdn.magicbus.edu/content/000347.ima,3
none,This interactive content covers key concepts about digital presentations.,348,Digital Presentations - Part 4,interactive,2023-03-20T09:57:00.000Z,218,true,false,English,87,https://cdn.magicbus.edu/content/000348.int,4
none,This text content covers key concepts about feedback online.,349,Feedback Online - Part 1,text,2023-03-20T09:57:00.000Z,56,true,true,English,88,https://cdn.magicbus.edu/content/000349.tex,1
subtitles,This video content covers key concepts about feedback online.,350,Feedback Online - Part 2,video,2023-03-20T09:57:00.000Z,298,true,false,English,88,https://cdn.magicbus.edu/content/000350.vid,2
none,This image content covers key concepts about feedback online.,351,Feedback Online - Part 3,image,2023-03-20T09:57:00.000Z,55,true,true,English,88,https://cdn.magicbus.edu/content/000351.ima,3
none,This interactive content covers key concepts about feedback online.,352,Feedback Online - Part 4,interactive,2023-03-20T09:57:00.000Z,74,true,false,English,88,https://cdn.magicbus.edu/content/000352.int,4
none,This text content covers key concepts about time zones.,353,Time Zones - Part 1,text,2023-03-20T09:57:00.000Z,57,true,true,English,89,https://cdn.magicbus.edu/content/000353.tex,1
subtitles,This video content covers key concepts about time zones.,354,Time Zones - Part 2,video,2023-03-20T09:57:00.000Z,181,true,false,English,89,https://cdn.magicbus.edu/content/000354.vid,2
none,This image content covers key concepts about time zones.,355,Time Zones - Part 3,image,2023-03-20T09:57:00.000Z,117,true,true,English,89,https://cdn.magicbus.edu/content/000355.ima,3
none,This interactive content covers key concepts about time zones.,356,Time Zones - Part 4,interactive,2023-03-20T09:57:00.000Z,135,true,false,English,89,https://cdn.magicbus.edu/content/000356.int,4
none,This text content covers key concepts about communication tools.,357,Communication Tools - Part 1,text,2023-03-20T09:57:00.000Z,66,true,true,English,90,https://cdn.magicbus.edu/content/000357.tex,1
subtitles,This video content covers key concepts about communication tools.,358,Communication Tools - Part 2,video,2023-03-20T09:57:00.000Z,143,true,false,English,90,https://cdn.magicbus.edu/content/000358.vid,2
none,This image content covers key concepts about communication tools.,359,Communication Tools - Part 3,image,2023-03-20T09:57:00.000Z,108,true,true,English,90,https://cdn.magicbus.edu/content/000359.ima,3
none,This interactive content covers key concepts about communication tools.,360,Communication Tools - Part 4,interactive,2023-03-20T09:57:00.000Z,237,true,false,English,90,https://cdn.magicbus.edu/content/000360.int,4
none,This text content covers key concepts about self assessment.,361,Self Assessment - Part 1,text,2023-06-26T12:02:00.000Z,72,true,true,English,91,https://cdn.magicbus.edu/content/000361.tex,1
subtitles,This video content covers key concepts about self assessment.,362,Self Assessment - Part 2,video,2023-06-26T12:02:00.000Z,159,true,false,English,91,https://cdn.magicbus.edu/content/000362.vid,2
none,This image content covers key concepts about self assessment.,363,Self Assessment - Part 3,image,2023-06-26T12:02:00.000Z,92,true,true,English,91,https://cdn.magicbus.edu/content/000363.ima,3
none,This interactive content covers key concepts about self assessment.,364,Self Assessment - Part 4,interactive,2023-06-26T12:02:00.000Z,221,true,false,English,91,https://cdn.magicbus.edu/content/000364.int,4
none,This text content covers key concepts about interest discovery.,365,Interest Discovery - Part 1,text,2023-06-26T12:02:00.000Z,43,true,true,English,92,https://cdn.magicbus.edu/content/000365.tex,1
subtitles,This video content covers key concepts about interest discovery.,366,Interest Discovery - Part 2,video,2023-06-26T12:02:00.000Z,295,true,false,English,92,https://cdn.magicbus.edu/content/000366.vid,2
none,This image content covers key concepts about interest discovery.,367,Interest Discovery - Part 3,image,2023-06-26T12:02:00.000Z,99,true,true,English,92,https://cdn.magicbus.edu/content/000367.ima,3
none,This interactive content covers key concepts about interest discovery.,368,Interest Discovery - Part 4,interactive,2023-06-26T12:02:00.000Z,75,true,false,English,92,https://cdn.magicbus.edu/content/000368.int,4
none,This text content covers key concepts about career research.,369,Career Research - Part 1,text,2023-06-26T12:02:00.000Z,96,true,true,English,93,https://cdn.magicbus.edu/content/000369.tex,1
subtitles,This video content covers key concepts about career research.,370,Career Research - Part 2,video,2023-06-26T12:02:00.000Z,152,true,false,English,93,https://cdn.magicbus.edu/content/000370.vid,2
none,This image content covers key concepts about career research.,371,Career Research - Part 3,image,2023-06-26T12:02:00.000Z,62,true,true,English,93,https://cdn.magicbus.edu/content/000371.ima,3
none,This interactive content covers key concepts about career research.,372,Career Research - Part 4,interactive,2023-06-26T12:02:00.000Z,118,true,false,English,93,https://cdn.magicbus.edu/content/000372.int,4
none,This text content covers key concepts about education paths.,373,Education Paths - Part 1,text,2023-06-26T12:02:00.000Z,97,true,true,English,94,https://cdn.magicbus.edu/content/000373.tex,1
subtitles,This video content covers key concepts about education paths.,374,Education Paths - Part 2,video,2023-06-26T12:02:00.000Z,213,true,false,English,94,https://cdn.magicbus.edu/content/000374.vid,2
none,This image content covers key concepts about education paths.,375,Education Paths - Part 3,image,2023-06-26T12:02:00.000Z,49,true,true,English,94,https://cdn.magicbus.edu/content/000375.ima,3
none,This interactive content covers key concepts about education paths.,376,Education Paths - Part 4,interactive,2023-06-26T12:02:00.000Z,284,true,false,English,94,https://cdn.magicbus.edu/content/000376.int,4
none,This text content covers key concepts about skill mapping.,377,Skill Mapping - Part 1,text,2023-06-26T12:02:00.000Z,96,true,true,English,95,https://cdn.magicbus.edu/content/000377.tex,1
subtitles,This video content covers key concepts about skill mapping.,378,Skill Mapping - Part 2,video,2023-06-26T12:02:00.000Z,97,true,false,English,95,https://cdn.magicbus.edu/content/000378.vid,2
none,This image content covers key concepts about skill mapping.,379,Skill Mapping - Part 3,image,2023-06-26T12:02:00.000Z,96,true,true,English,95,https://cdn.magicbus.edu/content/000379.ima,3
none,This interactive content covers key concepts about skill mapping.,380,Skill Mapping - Part 4,interactive,2023-06-26T12:02:00.000Z,222,true,false,English,95,https://cdn.magicbus.edu/content/000380.int,4
none,This text content covers key concepts about industry overview.,381,Industry Overview - Part 1,text,2023-06-26T12:02:00.000Z,35,true,true,English,96,https://cdn.magicbus.edu/content/000381.tex,1
subtitles,This video content covers key concepts about industry overview.,382,Industry Overview - Part 2,video,2023-06-26T12:02:00.000Z,148,true,false,English,96,https://cdn.magicbus.edu/content/000382.vid,2
none,This image content covers key concepts about industry overview.,383,Industry Overview - Part 3,image,2023-06-26T12:02:00.000Z,72,true,true,English,96,https://cdn.magicbus.edu/content/000383.ima,3
none,This interactive content covers key concepts about industry overview.,384,Industry Overview - Part 4,interactive,2023-06-26T12:02:00.000Z,70,true,false,English,96,https://cdn.magicbus.edu/content/000384.int,4
none,This text content covers key concepts about networking basics.,385,Networking Basics - Part 1,text,2023-06-26T12:02:00.000Z,32,true,true,English,97,https://cdn.magicbus.edu/content/000385.tex,1
subtitles,This video content covers key concepts about networking basics.,386,Networking Basics - Part 2,video,2023-06-26T12:02:00.000Z,123,true,false,English,97,https://cdn.magicbus.edu/content/000386.vid,2
none,This image content covers key concepts about networking basics.,387,Networking Basics - Part 3,image,2023-06-26T12:02:00.000Z,93,true,true,English,97,https://cdn.magicbus.edu/content/000387.ima,3
none,This interactive content covers key concepts about networking basics.,388,Networking Basics - Part 4,interactive,2023-06-26T12:02:00.000Z,263,true,false,English,97,https://cdn.magicbus.edu/content/000388.int,4
none,This text content covers key concepts about resume intro.,389,Resume Intro - Part 1,text,2023-06-26T12:02:00.000Z,49,true,true,English,98,https://cdn.magicbus.edu/content/000389.tex,1
subtitles,This video content covers key concepts about resume intro.,390,Resume Intro - Part 2,video,2023-06-26T12:02:00.000Z,251,true,false,English,98,https://cdn.magicbus.edu/content/000390.vid,2
none,This image content covers key concepts about resume intro.,391,Resume Intro - Part 3,image,2023-06-26T12:02:00.000Z,88,true,true,English,98,https://cdn.magicbus.edu/content/000391.ima,3
none,This interactive content covers key concepts about resume intro.,392,Resume Intro - Part 4,interactive,2023-06-26T12:02:00.000Z,195,true,false,English,98,https://cdn.magicbus.edu/content/000392.int,4
none,This text content covers key concepts about interview prep.,393,Interview Prep - Part 1,text,2023-06-26T12:02:00.000Z,118,true,true,English,99,https://cdn.magicbus.edu/content/000393.tex,1
subtitles,This video content covers key concepts about interview prep.,394,Interview Prep - Part 2,video,2023-06-26T12:02:00.000Z,120,true,false,English,99,https://cdn.magicbus.edu/content/000394.vid,2
none,This image content covers key concepts about interview prep.,395,Interview Prep - Part 3,image,2023-06-26T12:02:00.000Z,56,true,true,English,99,https://cdn.magicbus.edu/content/000395.ima,3
none,This interactive content covers key concepts about interview prep.,396,Interview Prep - Part 4,interactive,2023-06-26T12:02:00.000Z,155,true,false,English,99,https://cdn.magicbus.edu/content/000396.int,4
none,This text content covers key concepts about goal setting.,397,Goal Setting - Part 1,text,2023-06-26T12:02:00.000Z,64,true,true,English,100,https://cdn.magicbus.edu/content/000397.tex,1
subtitles,This video content covers key concepts about goal setting.,398,Goal Setting - Part 2,video,2023-06-26T12:02:00.000Z,129,true,false,English,100,https://cdn.magicbus.edu/content/000398.vid,2
none,This image content covers key concepts about goal setting.,399,Goal Setting - Part 3,image,2023-06-26T12:02:00.000Z,104,true,true,English,100,https://cdn.magicbus.edu/content/000399.ima,3
none,This interactive content covers key concepts about goal setting.,400,Goal Setting - Part 4,interactive,2023-06-26T12:02:00.000Z,175,true,false,English,100,https://cdn.magicbus.edu/content/000400.int,4
none,This text content covers key concepts about money basics.,401,Money Basics - Part 1,text,2023-06-01T10:27:00.000Z,89,true,true,English,101,https://cdn.magicbus.edu/content/000401.tex,1
subtitles,This video content covers key concepts about money basics.,402,Money Basics - Part 2,video,2023-06-01T10:27:00.000Z,222,true,false,English,101,https://cdn.magicbus.edu/content/000402.vid,2
none,This image content covers key concepts about money basics.,403,Money Basics - Part 3,image,2023-06-01T10:27:00.000Z,65,true,true,English,101,https://cdn.magicbus.edu/content/000403.ima,3
none,This interactive content covers key concepts about money basics.,404,Money Basics - Part 4,interactive,2023-06-01T10:27:00.000Z,108,true,false,English,101,https://cdn.magicbus.edu/content/000404.int,4
none,This text content covers key concepts about digital payments.,405,Digital Payments - Part 1,text,2023-06-01T10:27:00.000Z,102,true,true,English,102,https://cdn.magicbus.edu/content/000405.tex,1
subtitles,This video content covers key concepts about digital payments.,406,Digital Payments - Part 2,video,2023-06-01T10:27:00.000Z,148,true,false,English,102,https://cdn.magicbus.edu/content/000406.vid,2
none,This image content covers key concepts about digital payments.,407,Digital Payments - Part 3,image,2023-06-01T10:27:00.000Z,110,true,true,English,102,https://cdn.magicbus.edu/content/000407.ima,3
none,This interactive content covers key concepts about digital payments.,408,Digital Payments - Part 4,interactive,2023-06-01T10:27:00.000Z,189,true,false,English,102,https://cdn.magicbus.edu/content/000408.int,4
none,This text content covers key concepts about upi & wallets.,409,UPI & Wallets - Part 1,text,2023-06-01T10:27:00.000Z,120,true,true,English,103,https://cdn.magicbus.edu/content/000409.tex,1
subtitles,This video content covers key concepts about upi & wallets.,410,UPI & Wallets - Part 2,video,2023-06-01T10:27:00.000Z,189,true,false,English,103,https://cdn.magicbus.edu/content/000410.vid,2
none,This image content covers key concepts about upi & wallets.,411,UPI & Wallets - Part 3,image,2023-06-01T10:27:00.000Z,116,true,true,English,103,https://cdn.magicbus.edu/content/000411.ima,3
none,This interactive content covers key concepts about upi & wallets.,412,UPI & Wallets - Part 4,interactive,2023-06-01T10:27:00.000Z,155,true,false,English,103,https://cdn.magicbus.edu/content/000412.int,4
none,This text content covers key concepts about online banking safety.,413,Online Banking Safety - Part 1,text,2023-06-01T10:27:00.000Z,118,true,true,English,104,https://cdn.magicbus.edu/content/000413.tex,1
subtitles,This video content covers key concepts about online banking safety.,414,Online Banking Safety - Part 2,video,2023-06-01T10:27:00.000Z,112,true,false,English,104,https://cdn.magicbus.edu/content/000414.vid,2
none,This image content covers key concepts about online banking safety.,415,Online Banking Safety - Part 3,image,2023-06-01T10:27:00.000Z,108,true,true,English,104,https://cdn.magicbus.edu/content/000415.ima,3
none,This interactive content covers key concepts about online banking safety.,416,Online Banking Safety - Part 4,interactive,2023-06-01T10:27:00.000Z,283,true,false,English,104,https://cdn.magicbus.edu/content/000416.int,4
none,This text content covers key concepts about budgeting.,417,Budgeting - Part 1,text,2023-06-01T10:27:00.000Z,81,true,true,English,105,https://cdn.magicbus.edu/content/000417.tex,1
subtitles,This video content covers key concepts about budgeting.,418,Budgeting - Part 2,video,2023-06-01T10:27:00.000Z,272,true,false,English,105,https://cdn.magicbus.edu/content/000418.vid,2
none,This image content covers key concepts about budgeting.,419,Budgeting - Part 3,image,2023-06-01T10:27:00.000Z,100,true,true,English,105,https://cdn.magicbus.edu/content/000419.ima,3
none,This interactive content covers key concepts about budgeting.,420,Budgeting - Part 4,interactive,2023-06-01T10:27:00.000Z,82,true,false,English,105,https://cdn.magicbus.edu/content/000420.int,4
none,This text content covers key concepts about saving habits.,421,Saving Habits - Part 1,text,2023-06-01T10:27:00.000Z,45,true,true,English,106,https://cdn.magicbus.edu/content/000421.tex,1
subtitles,This video content covers key concepts about saving habits.,422,Saving Habits - Part 2,video,2023-06-01T10:27:00.000Z,190,true,false,English,106,https://cdn.magicbus.edu/content/000422.vid,2
none,This image content covers key concepts about saving habits.,423,Saving Habits - Part 3,image,2023-06-01T10:27:00.000Z,41,true,true,English,106,https://cdn.magicbus.edu/content/000423.ima,3
none,This interactive content covers key concepts about saving habits.,424,Saving Habits - Part 4,interactive,2023-06-01T10:27:00.000Z,191,true,false,English,106,https://cdn.magicbus.edu/content/000424.int,4
none,This text content covers key concepts about wants vs needs.,425,Wants vs Needs - Part 1,text,2023-06-01T10:27:00.000Z,89,true,true,English,107,https://cdn.magicbus.edu/content/000425.tex,1
subtitles,This video content covers key concepts about wants vs needs.,426,Wants vs Needs - Part 2,video,2023-06-01T10:27:00.000Z,199,true,false,English,107,https://cdn.magicbus.edu/content/000426.vid,2
none,This image content covers key concepts about wants vs needs.,427,Wants vs Needs - Part 3,image,2023-06-01T10:27:00.000Z,111,true,true,English,107,https://cdn.magicbus.edu/content/000427.ima,3
none,This interactive content covers key concepts about wants vs needs.,428,Wants vs Needs - Part 4,interactive,2023-06-01T10:27:00.000Z,223,true,false,English,107,https://cdn.magicbus.edu/content/000428.int,4
none,This text content covers key concepts about scam prevention.,429,Scam Prevention - Part 1,text,2023-06-01T10:27:00.000Z,49,true,true,English,108,https://cdn.magicbus.edu/content/000429.tex,1
subtitles,This video content covers key concepts about scam prevention.,430,Scam Prevention - Part 2,video,2023-06-01T10:27:00.000Z,107,true,false,English,108,https://cdn.magicbus.edu/content/000430.vid,2
none,This image content covers key concepts about scam prevention.,431,Scam Prevention - Part 3,image,2023-06-01T10:27:00.000Z,52,true,true,English,108,https://cdn.magicbus.edu/content/000431.ima,3
none,This interactive content covers key concepts about scam prevention.,432,Scam Prevention - Part 4,interactive,2023-06-01T10:27:00.000Z,108,true,false,English,108,https://cdn.magicbus.edu/content/000432.int,4
none,This text content covers key concepts about smart shopping.,433,Smart Shopping - Part 1,text,2023-06-01T10:27:00.000Z,77,true,true,English,109,https://cdn.magicbus.edu/content/000433.tex,1
subtitles,This video content covers key concepts about smart shopping.,434,Smart Shopping - Part 2,video,2023-06-01T10:27:00.000Z,118,true,false,English,109,https://cdn.magicbus.edu/content/000434.vid,2
none,This image content covers key concepts about smart shopping.,435,Smart Shopping - Part 3,image,2023-06-01T10:27:00.000Z,76,true,true,English,109,https://cdn.magicbus.edu/content/000435.ima,3
none,This interactive content covers key concepts about smart shopping.,436,Smart Shopping - Part 4,interactive,2023-06-01T10:27:00.000Z,241,true,false,English,109,https://cdn.magicbus.edu/content/000436.int,4
none,This text content covers key concepts about financial planning.,437,Financial Planning - Part 1,text,2023-06-01T10:27:00.000Z,50,true,true,English,110,https://cdn.magicbus.edu/content/000437.tex,1
subtitles,This video content covers key concepts about financial planning.,438,Financial Planning - Part 2,video,2023-06-01T10:27:00.000Z,274,true,false,English,110,https://cdn.magicbus.edu/content/000438.vid,2
none,This image content covers key concepts about financial planning.,439,Financial Planning - Part 3,image,2023-06-01T10:27:00.000Z,38,true,true,English,110,https://cdn.magicbus.edu/content/000439.ima,3
none,This interactive content covers key concepts about financial planning.,440,Financial Planning - Part 4,interactive,2023-06-01T10:27:00.000Z,189,true,false,English,110,https://cdn.magicbus.edu/content/000440.int,4
none,This text content covers key concepts about design principles.,441,Design Principles - Part 1,text,2023-01-31T16:24:00.000Z,75,true,true,English,111,https://cdn.magicbus.edu/content/000441.tex,1
subtitles,This video content covers key concepts about design principles.,442,Design Principles - Part 2,video,2023-01-31T16:24:00.000Z,73,true,false,English,111,https://cdn.magicbus.edu/content/000442.vid,2
none,This image content covers key concepts about design principles.,443,Design Principles - Part 3,image,2023-01-31T16:24:00.000Z,46,true,true,English,111,https://cdn.magicbus.edu/content/000443.ima,3
none,This interactive content covers key concepts about design principles.,444,Design Principles - Part 4,interactive,2023-01-31T16:24:00.000Z,75,true,false,English,111,https://cdn.magicbus.edu/content/000444.int,4
none,This text content covers key concepts about color & typography.,445,Color & Typography - Part 1,text,2023-01-31T16:24:00.000Z,120,true,true,English,112,https://cdn.magicbus.edu/content/000445.tex,1
subtitles,This video content covers key concepts about color & typography.,446,Color & Typography - Part 2,video,2023-01-31T16:24:00.000Z,219,true,false,English,112,https://cdn.magicbus.edu/content/000446.vid,2
none,This image content covers key concepts about color & typography.,447,Color & Typography - Part 3,image,2023-01-31T16:24:00.000Z,46,true,true,English,112,https://cdn.magicbus.edu/content/000447.ima,3
none,This interactive content covers key concepts about color & typography.,448,Color & Typography - Part 4,interactive,2023-01-31T16:24:00.000Z,292,true,false,English,112,https://cdn.magicbus.edu/content/000448.int,4
none,This text content covers key concepts about canva basics.,449,Canva Basics - Part 1,text,2023-01-31T16:24:00.000Z,70,true,true,English,113,https://cdn.magicbus.edu/content/000449.tex,1
subtitles,This video content covers key concepts about canva basics.,450,Canva Basics - Part 2,video,2023-01-31T16:24:00.000Z,202,true,false,English,113,https://cdn.magicbus.edu/content/000450.vid,2
none,This image content covers key concepts about canva basics.,451,Canva Basics - Part 3,image,2023-01-31T16:24:00.000Z,48,true,true,English,113,https://cdn.magicbus.edu/content/000451.ima,3
none,This interactive content covers key concepts about canva basics.,452,Canva Basics - Part 4,interactive,2023-01-31T16:24:00.000Z,93,true,false,English,113,https://cdn.magicbus.edu/content/000452.int,4
none,This text content covers key concepts about photo editing.,453,Photo Editing - Part 1,text,2023-01-31T16:24:00.000Z,67,true,true,English,114,https://cdn.magicbus.edu/content/000453.tex,1
subtitles,This video content covers key concepts about photo editing.,454,Photo Editing - Part 2,video,2023-01-31T16:24:00.000Z,297,true,false,English,114,https://cdn.magicbus.edu/content/000454.vid,2
none,This image content covers key concepts about photo editing.,455,Photo Editing - Part 3,image,2023-01-31T16:24:00.000Z,47,true,true,English,114,https://cdn.magicbus.edu/content/000455.ima,3
none,This interactive content covers key concepts about photo editing.,456,Photo Editing - Part 4,interactive,2023-01-31T16:24:00.000Z,290,true,false,English,114,https://cdn.magicbus.edu/content/000456.int,4
none,This text content covers key concepts about creating posts.,457,Creating Posts - Part 1,text,2023-01-31T16:24:00.000Z,73,true,true,English,115,https://cdn.magicbus.edu/content/000457.tex,1
subtitles,This video content covers key concepts about creating posts.,458,Creating Posts - Part 2,video,2023-01-31T16:24:00.000Z,61,true,false,English,115,https://cdn.magicbus.edu/content/000458.vid,2
none,This image content covers key concepts about creating posts.,459,Creating Posts - Part 3,image,2023-01-31T16:24:00.000Z,97,true,true,English,115,https://cdn.magicbus.edu/content/000459.ima,3
none,This interactive content covers key concepts about creating posts.,460,Creating Posts - Part 4,interactive,2023-01-31T16:24:00.000Z,258,true,false,English,115,https://cdn.magicbus.edu/content/000460.int,4
none,This text content covers key concepts about infographics.,461,Infographics - Part 1,text,2023-01-31T16:24:00.000Z,58,true,true,English,116,https://cdn.magicbus.edu/content/000461.tex,1
subtitles,This video content covers key concepts about infographics.,462,Infographics - Part 2,video,2023-01-31T16:24:00.000Z,243,true,false,English,116,https://cdn.magicbus.edu/content/000462.vid,2
none,This image content covers key concepts about infographics.,463,Infographics - Part 3,image,2023-01-31T16:24:00.000Z,107,true,true,English,116,https://cdn.magicbus.edu/content/000463.ima,3
none,This interactive content covers key concepts about infographics.,464,Infographics - Part 4,interactive,2023-01-31T16:24:00.000Z,69,true,false,English,116,https://cdn.magicbus.edu/content/000464.int,4
none,This text content covers key concepts about video basics.,465,Video Basics - Part 1,text,2023-01-31T16:24:00.000Z,97,true,true,English,117,https://cdn.magicbus.edu/content/000465.tex,1
subtitles,This video content covers key concepts about video basics.,466,Video Basics - Part 2,video,2023-01-31T16:24:00.000Z,296,true,false,English,117,https://cdn.magicbus.edu/content/000466.vid,2
none,This image content covers key concepts about video basics.,467,Video Basics - Part 3,image,2023-01-31T16:24:00.000Z,110,true,true,English,117,https://cdn.magicbus.edu/content/000467.ima,3
none,This interactive content covers key concepts about video basics.,468,Video Basics - Part 4,interactive,2023-01-31T16:24:00.000Z,268,true,false,English,117,https://cdn.magicbus.edu/content/000468.int,4
none,This text content covers key concepts about content planning.,469,Content Planning - Part 1,text,2023-01-31T16:24:00.000Z,116,true,true,English,118,https://cdn.magicbus.edu/content/000469.tex,1
subtitles,This video content covers key concepts about content planning.,470,Content Planning - Part 2,video,2023-01-31T16:24:00.000Z,168,true,false,English,118,https://cdn.magicbus.edu/content/000470.vid,2
none,This image content covers key concepts about content planning.,471,Content Planning - Part 3,image,2023-01-31T16:24:00.000Z,97,true,true,English,118,https://cdn.magicbus.edu/content/000471.ima,3
none,This interactive content covers key concepts about content planning.,472,Content Planning - Part 4,interactive,2023-01-31T16:24:00.000Z,123,true,false,English,118,https://cdn.magicbus.edu/content/000472.int,4
none,This text content covers key concepts about copyright.,473,Copyright - Part 1,text,2023-01-31T16:24:00.000Z,66,true,true,English,119,https://cdn.magicbus.edu/content/000473.tex,1
subtitles,This video content covers key concepts about copyright.,474,Copyright - Part 2,video,2023-01-31T16:24:00.000Z,136,true,false,English,119,https://cdn.magicbus.edu/content/000474.vid,2
none,This image content covers key concepts about copyright.,475,Copyright - Part 3,image,2023-01-31T16:24:00.000Z,118,true,true,English,119,https://cdn.magicbus.edu/content/000475.ima,3
none,This interactive content covers key concepts about copyright.,476,Copyright - Part 4,interactive,2023-01-31T16:24:00.000Z,273,true,false,English,119,https://cdn.magicbus.edu/content/000476.int,4
none,This text content covers key concepts about building portfolio.,477,Building Portfolio - Part 1,text,2023-01-31T16:24:00.000Z,107,true,true,English,120,https://cdn.magicbus.edu/content/000477.tex,1
subtitles,This video content covers key concepts about building portfolio.,478,Building Portfolio - Part 2,video,2023-01-31T16:24:00.000Z,286,true,false,English,120,https://cdn.magicbus.edu/content/000478.vid,2
none,This image content covers key concepts about building portfolio.,479,Building Portfolio - Part 3,image,2023-01-31T16:24:00.000Z,120,true,true,English,120,https://cdn.magicbus.edu/content/000479.ima,3
none,This interactive content covers key concepts about building portfolio.,480,Building Portfolio - Part 4,interactive,2023-01-31T16:24:00.000Z,136,true,false,English,120,https://cdn.magicbus.edu/content/000480.int,4
